post_id;is_featured;score;created_at_day;created_at_daytime;hunter_id;hunter_followers;hunter_has_twitter;hunter_has_website;maker_id;maker_followers;maker_has_twitter;maker_has_website
112580;1;442;2018-09-10;2017-11-03 03:02:00;2;52679;1;0;1069083;196;1;1
112580;1;442;2018-09-10;2017-11-03 03:02:00;2;52679;1;0;1069083;196;1;1
131680;1;271;2018-07-27;2018-07-27 01:00:00;2;52679;1;0;548;3644;1;1
131680;1;271;2018-07-27;2018-07-27 01:00:00;2;52679;1;0;548;3644;1;1
140887;1;358;2018-12-08;2018-12-08 04:00:00;2;52679;1;0;583176;898;1;1
140887;1;358;2018-12-08;2018-12-08 04:00:00;2;52679;1;0;583176;898;1;1
132489;1;265;2018-08-07;2018-08-07 04:36:04;20;4794;1;1;2441;379;1;1
132489;1;265;2018-08-07;2018-08-07 04:36:04;20;4794;1;1;2441;379;1;1
130934;1;403;2018-07-17;2018-07-17 00:30:00;23;39196;1;1;1231875;65;1;1
130934;1;403;2018-07-17;2018-07-17 00:30:00;23;39196;1;1;1231875;65;1;1
131976;1;458;2018-07-31;2018-07-31 00:55:00;23;39196;1;1;416772;475;1;0
131976;1;458;2018-07-31;2018-07-31 00:55:00;23;39196;1;1;416772;475;1;0
145147;1;1330;2019-02-18;2019-02-18 00:02:00;23;39196;1;1;1556901;4;0;0
145147;1;1330;2019-02-18;2019-02-18 00:02:00;23;39196;1;1;1556901;4;0;0
131563;1;54;2018-07-24;2018-07-24 07:01:04;58;8019;1;1;536925;68;0;1
131563;1;54;2018-07-24;2018-07-24 07:01:04;58;8019;1;1;536925;68;0;1
131825;1;1357;2018-08-01;2018-08-01 00:37:00;58;8019;1;1;1774;387;1;1
131825;1;1357;2018-08-01;2018-08-01 00:37:00;58;8019;1;1;1774;387;1;1
143739;1;240;2019-01-28;2019-01-28 07:36:33;60;692;1;1;61816;1620;1;1
143739;1;240;2019-01-28;2019-01-28 07:36:33;60;692;1;1;61816;1620;1;1
129846;1;54;2018-06-28;2018-06-28 03:47:44;79;6768;1;1;1285323;10;1;0
129846;1;54;2018-06-28;2018-06-28 03:47:44;79;6768;1;1;1285323;10;1;0
130134;1;171;2018-07-03;2018-07-03 03:07:34;79;6768;1;1;639287;26;1;1
130134;1;171;2018-07-03;2018-07-03 03:07:34;79;6768;1;1;639287;26;1;1
130453;1;297;2018-07-09;2018-07-09 00:06:01;79;6768;1;1;639224;71;1;1
130453;1;297;2018-07-09;2018-07-09 00:06:01;79;6768;1;1;639224;71;1;1
131327;1;70;2018-07-20;2018-07-20 02:57:16;79;6768;1;1;11983;119;1;1
131327;1;70;2018-07-20;2018-07-20 02:57:16;79;6768;1;1;11983;119;1;1
131727;1;986;2018-07-26;2018-07-26 05:38:48;79;6768;1;1;1363848;1;1;1
131727;1;986;2018-07-26;2018-07-26 05:38:48;79;6768;1;1;1363848;1;1;1
132112;1;103;2018-08-01;2018-08-01 01:34:48;79;6768;1;1;259588;51;1;1
132112;1;103;2018-08-01;2018-08-01 01:34:48;79;6768;1;1;259588;51;1;1
132556;1;457;2018-08-08;2018-08-08 00:45:06;79;6768;1;1;152313;165;1;1
132556;1;457;2018-08-08;2018-08-08 00:45:06;79;6768;1;1;152313;165;1;1
132633;1;67;2018-08-09;2018-08-09 01:30:34;79;6768;1;1;161254;282;1;1
132633;1;67;2018-08-09;2018-08-09 01:30:34;79;6768;1;1;161254;282;1;1
133106;1;444;2018-08-17;2018-08-17 01:54:05;79;6768;1;1;968291;2;1;0
133106;1;444;2018-08-17;2018-08-17 01:54:05;79;6768;1;1;968291;2;1;0
133341;1;123;2018-08-21;2018-08-21 04:04:39;79;6768;1;1;39520;100;1;1
133341;1;123;2018-08-21;2018-08-21 04:04:39;79;6768;1;1;39520;100;1;1
133427;1;426;2018-08-22;2018-08-22 01:07:36;79;6768;1;1;277256;168;1;1
133427;1;426;2018-08-22;2018-08-22 01:07:36;79;6768;1;1;277256;168;1;1
133844;1;40;2018-08-29;2018-08-29 03:08:20;79;6768;1;1;875930;9;1;0
133844;1;40;2018-08-29;2018-08-29 03:08:20;79;6768;1;1;875930;9;1;0
134026;1;34;2018-09-01;2018-09-01 03:31:55;79;6768;1;1;551110;29;0;0
134026;1;34;2018-09-01;2018-09-01 03:31:55;79;6768;1;1;551110;29;0;0
134356;0;30;2018-09-06;2018-09-06 03:08:38;79;6768;1;1;118011;323;1;0
134356;0;30;2018-09-06;2018-09-06 03:08:38;79;6768;1;1;118011;323;1;0
134428;1;69;2018-09-07;2018-09-07 01:29:15;79;6768;1;1;1285323;10;1;0
134428;1;69;2018-09-07;2018-09-07 01:29:15;79;6768;1;1;1285323;10;1;0
134537;1;465;2018-09-10;2018-09-10 01:19:09;79;6768;1;1;20953;265;1;1
134537;1;465;2018-09-10;2018-09-10 01:19:09;79;6768;1;1;20953;265;1;1
135411;1;404;2018-09-21;2018-09-21 00:26:04;79;6768;1;1;117078;17;1;1
135411;1;404;2018-09-21;2018-09-21 00:26:04;79;6768;1;1;117078;17;1;1
135962;1;486;2018-09-28;2018-09-28 05:01:33;79;6768;1;1;1363909;3;0;0
135962;1;486;2018-09-28;2018-09-28 05:01:33;79;6768;1;1;1363909;3;0;0
136052;1;365;2018-09-30;2018-09-30 06:45:24;79;6768;1;1;968291;2;1;0
136052;1;365;2018-09-30;2018-09-30 06:45:24;79;6768;1;1;968291;2;1;0
137033;1;686;2018-10-15;2018-10-15 02:40:26;79;6768;1;1;1463236;4;1;0
137033;1;686;2018-10-15;2018-10-15 02:40:26;79;6768;1;1;1463236;4;1;0
138413;1;232;2018-11-03;2018-11-03 03:59:29;79;6768;1;1;512044;5;1;0
138413;1;232;2018-11-03;2018-11-03 03:59:29;79;6768;1;1;512044;5;1;0
138673;1;339;2018-11-07;2018-11-07 03:47:31;79;6768;1;1;1020089;13;0;0
138673;1;339;2018-11-07;2018-11-07 03:47:31;79;6768;1;1;1020089;13;0;0
143345;1;391;2019-01-22;2019-01-22 00:44:34;79;6768;1;1;294949;64;1;0
143345;1;391;2019-01-22;2019-01-22 00:44:34;79;6768;1;1;294949;64;1;0
144071;1;398;2019-02-01;2019-02-01 03:08:49;79;6768;1;1;873440;117;1;0
144071;1;398;2019-02-01;2019-02-01 03:08:49;79;6768;1;1;873440;117;1;0
151223;1;622;2019-04-12;2019-04-12 00:31:03;79;6768;1;1;253580;140;1;1
151223;1;622;2019-04-12;2019-04-12 00:31:03;79;6768;1;1;253580;140;1;1
151294;1;258;2019-04-13;2019-04-13 01:19:16;79;6768;1;1;1783197;0;1;0
151294;1;258;2019-04-13;2019-04-13 01:19:16;79;6768;1;1;1783197;0;1;0
134104;1;287;2018-09-03;2018-09-03 00:30:53;187;1354;1;0;934197;71;0;0
134104;1;287;2018-09-03;2018-09-03 00:30:53;187;1354;1;0;934197;71;0;0
157679;1;813;2019-06-06;2019-06-06 00:00:00;187;1354;1;0;996772;11;1;1
157679;1;813;2019-06-06;2019-06-06 00:00:00;187;1354;1;0;996772;11;1;1
129779;1;123;2018-06-27;2018-06-27 07:05:37;270;517;1;1;1334777;2;1;0
129779;1;123;2018-06-27;2018-06-27 07:05:37;270;517;1;1;1334777;2;1;0
136043;1;152;2018-09-30;2018-09-30 01:31:07;341;6891;1;1;232863;528;1;0
136043;1;152;2018-09-30;2018-09-30 01:31:07;341;6891;1;1;232863;528;1;0
133021;1;48;2018-08-16;2018-08-16 00:42:34;364;1735;1;1;873980;42;0;0
133021;1;48;2018-08-16;2018-08-16 00:42:34;364;1735;1;1;873980;42;0;0
129668;0;4;2018-06-26;2018-06-26 00:54:00;471;508;1;1;1268;435;1;1
129668;0;4;2018-06-26;2018-06-26 00:54:00;471;508;1;1;1268;435;1;1
133000;1;46;2018-08-16;2018-08-16 00:00:00;582;633;1;1;1102736;358;1;1
133000;1;46;2018-08-16;2018-08-16 00:00:00;582;633;1;1;1102736;358;1;1
136843;1;919;2018-10-11;2018-10-11 03:57:53;655;1971;1;1;526;1484;1;1
136843;1;919;2018-10-11;2018-10-11 03:57:53;655;1971;1;1;526;1484;1;1
130061;0;9;2018-07-02;2018-07-02 07:34:14;687;1872;1;1;96939;11484;1;1
130061;0;9;2018-07-02;2018-07-02 07:34:14;687;1872;1;1;96939;11484;1;1
131470;1;21;2018-07-23;2018-07-23 04:39:18;687;1872;1;1;1360050;1;1;1
131470;1;21;2018-07-23;2018-07-23 04:39:18;687;1872;1;1;1360050;1;1;1
141626;1;273;2018-12-25;2018-12-25 00:00:00;687;1872;1;1;267980;178;1;1
141626;1;273;2018-12-25;2018-12-25 00:00:00;687;1872;1;1;267980;178;1;1
135215;1;51;2018-09-19;2018-09-19 00:00:50;827;7594;1;1;91219;408;1;1
135215;1;51;2018-09-19;2018-09-19 00:00:50;827;7594;1;1;91219;408;1;1
142460;1;466;2019-01-08;2019-01-08 01:11:57;827;7594;1;1;47774;299;1;0
142460;1;466;2019-01-08;2019-01-08 01:11:57;827;7594;1;1;47774;299;1;0
130696;1;51;2018-07-12;2018-07-12 06:00:00;833;3006;1;1;123094;136;1;1
130696;1;51;2018-07-12;2018-07-12 06:00:00;833;3006;1;1;123094;136;1;1
140006;1;182;2018-11-25;2018-11-25 09:31:32;842;3718;1;1;23956;51;1;1
140006;1;182;2018-11-25;2018-11-25 09:31:32;842;3718;1;1;23956;51;1;1
134728;1;25;2018-09-12;2018-09-12 07:37:43;851;1556;1;1;1425458;3;0;0
134728;1;25;2018-09-12;2018-09-12 07:37:43;851;1556;1;1;1425458;3;0;0
134936;1;99;2018-09-14;2018-09-15 00:00:00;851;1556;1;1;1427924;0;1;0
134936;1;99;2018-09-14;2018-09-15 00:00:00;851;1556;1;1;1427924;0;1;0
135570;1;677;2018-09-24;2018-09-25 00:01:00;851;1556;1;1;489416;270;1;1
135570;1;677;2018-09-24;2018-09-25 00:01:00;851;1556;1;1;489416;270;1;1
138894;1;133;2018-11-10;2018-11-10 04:30:00;862;2861;1;1;180469;251;1;1
138894;1;133;2018-11-10;2018-11-10 04:30:00;862;2861;1;1;180469;251;1;1
136022;1;382;2018-10-01;2018-10-01 00:00:00;946;9933;1;1;477852;73;0;1
136022;1;382;2018-10-01;2018-10-01 00:00:00;946;9933;1;1;477852;73;0;1
132952;1;218;2018-08-15;2018-08-15 00:00:04;962;5680;1;1;294949;64;1;0
132952;1;218;2018-08-15;2018-08-15 00:00:04;962;5680;1;1;294949;64;1;0
133038;1;345;2018-08-16;2018-08-16 03:03:58;962;5680;1;1;1389348;29;0;0
133038;1;345;2018-08-16;2018-08-16 03:03:58;962;5680;1;1;1389348;29;0;0
134208;1;25;2018-09-04;2018-09-04 09:27:32;962;5680;1;1;502989;6;1;0
134208;1;25;2018-09-04;2018-09-04 09:27:32;962;5680;1;1;502989;6;1;0
134526;1;81;2018-09-10;2018-09-10 00:02:45;962;5680;1;1;881759;74;1;0
134526;1;81;2018-09-10;2018-09-10 00:02:45;962;5680;1;1;881759;74;1;0
136342;1;159;2018-10-04;2018-10-04 00:14:35;962;5680;1;1;298250;21;1;0
136342;1;159;2018-10-04;2018-10-04 00:14:35;962;5680;1;1;298250;21;1;0
139627;1;802;2018-11-20;2018-11-20 00:00:19;962;5680;1;1;294949;64;1;0
139627;1;802;2018-11-20;2018-11-20 00:00:19;962;5680;1;1;294949;64;1;0
135563;1;65;2018-09-25;2018-09-25 00:05:00;1195;311;1;1;1196;124;1;0
135563;1;65;2018-09-25;2018-09-25 00:05:00;1195;311;1;1;1196;124;1;0
132641;1;110;2018-08-09;2018-08-09 03:06:51;1257;3835;1;1;300201;236;1;1
132641;1;110;2018-08-09;2018-08-09 03:06:51;1257;3835;1;1;300201;236;1;1
137978;0;8;2018-10-28;2018-10-28 10:37:19;1284;105;1;1;519986;74;0;0
137978;0;8;2018-10-28;2018-10-28 10:37:19;1284;105;1;1;519986;74;0;0
131833;1;84;2018-07-30;2018-07-30 00:01:00;1368;5119;1;0;953641;65;0;0
131833;1;84;2018-07-30;2018-07-30 00:01:00;1368;5119;1;0;953641;65;0;0
141018;1;684;2018-12-18;2018-12-18 00:00:00;1368;5119;1;0;818799;149;1;1
141018;1;684;2018-12-18;2018-12-18 00:00:00;1368;5119;1;0;818799;149;1;1
134157;1;85;2018-09-04;2018-09-04 00:52:46;1565;1903;1;1;1402741;5;1;0
134157;1;85;2018-09-04;2018-09-04 00:52:46;1565;1903;1;1;1402741;5;1;0
135037;1;89;2018-09-17;2018-09-17 00:53:16;1565;1903;1;1;1158453;2;1;1
135037;1;89;2018-09-17;2018-09-17 00:53:16;1565;1903;1;1;1158453;2;1;1
131061;1;752;2018-07-17;2018-07-17 00:02:41;1880;4720;1;1;3248;801;1;1
131061;1;752;2018-07-17;2018-07-17 00:02:41;1880;4720;1;1;3248;801;1;1
135481;1;64;2018-09-23;2018-09-23 00:01:48;1880;4720;1;1;279049;31;1;1
135481;1;64;2018-09-23;2018-09-23 00:01:48;1880;4720;1;1;279049;31;1;1
136548;1;1804;2018-10-08;2018-10-08 00:37:26;1880;4720;1;1;39911;24668;1;1
136548;1;1804;2018-10-08;2018-10-08 00:37:26;1880;4720;1;1;39911;24668;1;1
138739;1;1202;2018-11-08;2018-11-08 00:02:19;1880;4720;1;1;3248;801;1;1
138739;1;1202;2018-11-08;2018-11-08 00:02:19;1880;4720;1;1;3248;801;1;1
140100;1;774;2018-11-27;2018-11-27 00:03:49;1880;4720;1;1;14870;229;1;1
140100;1;774;2018-11-27;2018-11-27 00:03:49;1880;4720;1;1;14870;229;1;1
140945;1;397;2018-12-09;2018-12-09 00:03:49;1880;4720;1;1;25567;382;1;1
140945;1;397;2018-12-09;2018-12-09 00:03:49;1880;4720;1;1;25567;382;1;1
151677;1;1263;2019-04-17;2019-04-17 01:03:03;1880;4720;1;1;39911;24668;1;1
151677;1;1263;2019-04-17;2019-04-17 01:03:03;1880;4720;1;1;39911;24668;1;1
136440;1;126;2018-10-05;2018-10-05 04:24:16;2081;9091;1;1;492001;118;1;1
136440;1;126;2018-10-05;2018-10-05 04:24:16;2081;9091;1;1;492001;118;1;1
142915;1;750;2019-01-15;2019-01-15 02:13:53;2081;9091;1;1;1324260;14;1;1
142915;1;750;2019-01-15;2019-01-15 02:13:53;2081;9091;1;1;1324260;14;1;1
155100;1;411;2019-05-13;2019-05-13 05:28:54;2081;9091;1;1;445674;36;1;1
155100;1;411;2019-05-13;2019-05-13 05:28:54;2081;9091;1;1;445674;36;1;1
139611;1;1469;2018-11-20;2018-11-20 00:00:00;2287;12088;1;1;383460;222;1;0
139611;1;1469;2018-11-20;2018-11-20 00:00:00;2287;12088;1;1;383460;222;1;0
153575;1;491;2019-05-08;2019-05-08 00:00:00;2287;12088;1;1;1726206;15;1;0
153575;1;491;2019-05-08;2019-05-08 00:00:00;2287;12088;1;1;1726206;15;1;0
131311;1;70;2018-07-20;2018-07-20 00:00:43;2381;426;1;1;5063;42;1;0
131311;1;70;2018-07-20;2018-07-20 00:00:43;2381;426;1;1;5063;42;1;0
131715;1;318;2018-07-26;2018-07-26 04:19:50;2425;354;1;1;293395;305;1;1
131715;1;318;2018-07-26;2018-07-26 04:19:50;2425;354;1;1;293395;305;1;1
131360;1;87;2018-07-20;2018-07-21 00:00:38;2480;523;1;1;1357261;2;1;0
131360;1;87;2018-07-20;2018-07-21 00:00:38;2480;523;1;1;1357261;2;1;0
138877;1;61;2018-11-10;2018-11-10 00:00:00;2480;523;1;1;1357261;2;1;0
138877;1;61;2018-11-10;2018-11-10 00:00:00;2480;523;1;1;1357261;2;1;0
131044;1;34;2018-07-17;2018-07-17 00:01:00;2514;1187;1;1;371672;175;1;1
131044;1;34;2018-07-17;2018-07-17 00:01:00;2514;1187;1;1;371672;175;1;1
131218;1;31;2018-07-19;2018-07-19 00:01:00;2514;1187;1;1;639537;85;1;0
131218;1;31;2018-07-19;2018-07-19 00:01:00;2514;1187;1;1;639537;85;1;0
132925;1;30;2018-08-14;2018-08-15 00:00:00;2596;162;1;1;93946;322;1;1
132925;1;30;2018-08-14;2018-08-15 00:00:00;2596;162;1;1;93946;322;1;1
130068;1;44;2018-07-02;2018-07-02 09:37:39;2626;2389;1;1;973045;19;1;1
130068;1;44;2018-07-02;2018-07-02 09:37:39;2626;2389;1;1;973045;19;1;1
131273;0;54;2018-07-19;2018-07-19 07:48:27;2872;230;1;1;340833;15;1;1
131273;0;54;2018-07-19;2018-07-19 07:48:27;2872;230;1;1;340833;15;1;1
129791;1;260;2018-06-28;2018-06-28 00:00:00;3591;817;1;1;88447;605;1;1
129791;1;260;2018-06-28;2018-06-28 00:00:00;3591;817;1;1;88447;605;1;1
133128;1;33;2018-08-17;2018-08-17 08:04:24;3619;697;1;1;1355582;0;0;1
133128;1;33;2018-08-17;2018-08-17 08:04:24;3619;697;1;1;1355582;0;0;1
129919;1;249;2018-06-29;2018-06-29 02:58:38;3687;451;1;1;148688;29;1;1
129919;1;249;2018-06-29;2018-06-29 02:58:38;3687;451;1;1;148688;29;1;1
131700;0;25;2018-07-26;2018-07-26 00:16:38;4152;1401;1;1;1177624;64;1;1
131700;0;25;2018-07-26;2018-07-26 00:16:38;4152;1401;1;1;1177624;64;1;1
156667;1;637;2019-05-28;2019-05-28 00:14:00;4152;1401;1;1;1762039;11;1;0
156667;1;637;2019-05-28;2019-05-28 00:14:00;4152;1401;1;1;1762039;11;1;0
128204;1;128;2018-10-05;2018-10-05 00:01:00;4223;580;1;1;78526;173;1;0
128204;1;128;2018-10-05;2018-10-05 00:01:00;4223;580;1;1;78526;173;1;0
133193;1;415;2018-08-20;2018-08-20 00:10:00;4248;5168;1;1;1394191;9;1;1
133193;1;415;2018-08-20;2018-08-20 00:10:00;4248;5168;1;1;1394191;9;1;1
132290;1;65;2018-08-04;2018-08-04 00:00:00;4316;815;1;1;125082;8;1;1
132290;1;65;2018-08-04;2018-08-04 00:00:00;4316;815;1;1;125082;8;1;1
135952;0;6;2018-09-28;2018-09-28 02:02:04;4324;1441;1;1;63535;52;1;1
135952;0;6;2018-09-28;2018-09-28 02:02:04;4324;1441;1;1;63535;52;1;1
132685;1;325;2018-08-14;2018-08-14 00:01:00;4518;206;1;1;616237;981;1;1
132685;1;325;2018-08-14;2018-08-14 00:01:00;4518;206;1;1;616237;981;1;1
157127;1;602;2019-06-01;2019-06-01 00:00:00;4823;874;1;1;777048;23;0;0
157127;1;602;2019-06-01;2019-06-01 00:00:00;4823;874;1;1;777048;23;0;0
135569;0;2;2018-09-24;2018-09-24 12:57:35;4875;47;1;0;456142;1737;1;1
135569;0;2;2018-09-24;2018-09-24 12:57:35;4875;47;1;0;456142;1737;1;1
130544;1;207;2018-07-10;2018-07-10 02:52:00;5121;593;1;1;1304853;3;1;1
130544;1;207;2018-07-10;2018-07-10 02:52:00;5121;593;1;1;1304853;3;1;1
143228;1;565;2019-01-22;2019-01-22 01:00:00;5349;1737;1;1;1621166;8;1;1
143228;1;565;2019-01-22;2019-01-22 01:00:00;5349;1737;1;1;1621166;8;1;1
151876;1;368;2019-04-23;2019-04-23 02:00:00;5349;1737;1;1;1793418;1;0;0
151876;1;368;2019-04-23;2019-04-23 02:00:00;5349;1737;1;1;1793418;1;0;0
133019;1;171;2018-08-16;2018-08-16 00:34:13;5537;861;1;1;1379355;38;1;1
133019;1;171;2018-08-16;2018-08-16 00:34:13;5537;861;1;1;1379355;38;1;1
122220;1;2957;2018-08-13;2018-03-14 00:01:00;6674;117;1;1;187596;16;1;1
122220;1;2957;2018-08-13;2018-03-14 00:01:00;6674;117;1;1;187596;16;1;1
136757;1;2139;2018-10-10;2018-10-10 06:56:26;6732;608;1;1;110213;283;1;1
136757;1;2139;2018-10-10;2018-10-10 06:56:26;6732;608;1;1;110213;283;1;1
130355;1;73;2018-07-06;2018-07-06 05:28:45;7071;856;1;1;1016159;25;1;0
130355;1;73;2018-07-06;2018-07-06 05:28:45;7071;856;1;1;1016159;25;1;0
130276;1;41;2018-07-05;2018-07-05 02:03:53;7293;3807;1;1;550080;55;1;1
130276;1;41;2018-07-05;2018-07-05 02:03:53;7293;3807;1;1;550080;55;1;1
132470;1;585;2018-08-07;2018-08-07 00:28:36;7293;3807;1;1;35368;93;1;0
132470;1;585;2018-08-07;2018-08-07 00:28:36;7293;3807;1;1;35368;93;1;0
135750;1;517;2018-09-26;2018-09-26 03:56:56;7293;3807;1;1;1587;1084;1;1
135750;1;517;2018-09-26;2018-09-26 03:56:56;7293;3807;1;1;1587;1084;1;1
131824;0;757;2018-07-27;2018-07-27 09:25:44;7637;45;1;1;1359160;29;0;0
131824;0;757;2018-07-27;2018-07-27 09:25:44;7637;45;1;1;1359160;29;0;0
133727;1;49;2018-08-27;2018-08-28 00:00:00;7637;45;1;1;1401561;6;0;0
133727;1;49;2018-08-27;2018-08-28 00:00:00;7637;45;1;1;1401561;6;0;0
137606;1;781;2018-10-23;2018-10-23 00:09:26;7857;803;1;1;46949;307;1;1
137606;1;781;2018-10-23;2018-10-23 00:09:26;7857;803;1;1;46949;307;1;1
141708;1;142;2018-12-22;2018-12-22 00:00:00;7911;8073;1;1;496556;15;1;1
141708;1;142;2018-12-22;2018-12-22 00:00:00;7911;8073;1;1;496556;15;1;1
130044;1;93;2018-07-02;2018-07-02 06:48:01;8171;716;1;1;150891;1105;1;1
130044;1;93;2018-07-02;2018-07-02 06:48:01;8171;716;1;1;150891;1105;1;1
133411;1;477;2018-08-22;2018-08-22 00:00:00;8989;666;1;1;1375908;29;0;1
133411;1;477;2018-08-22;2018-08-22 00:00:00;8989;666;1;1;1375908;29;0;1
136352;1;121;2018-10-04;2018-10-04 02:09:50;8989;666;1;1;1431671;10;0;1
136352;1;121;2018-10-04;2018-10-04 02:09:50;8989;666;1;1;1431671;10;0;1
129907;1;56;2018-06-29;2018-06-29 02:36:07;9297;348;1;1;499948;155;1;1
129907;1;56;2018-06-29;2018-06-29 02:36:07;9297;348;1;1;499948;155;1;1
138614;1;805;2018-11-07;2018-11-07 00:00:00;9360;1228;1;1;9360;1228;1;1
138614;1;805;2018-11-07;2018-11-07 00:00:00;9360;1228;1;1;9360;1228;1;1
130555;0;12;2018-07-10;2018-07-10 05:25:11;9412;355;1;1;292190;349;1;1
130555;0;12;2018-07-10;2018-07-10 05:25:11;9412;355;1;1;292190;349;1;1
133865;0;13;2018-08-29;2018-08-29 07:53:18;9412;355;1;1;292190;349;1;1
133865;0;13;2018-08-29;2018-08-29 07:53:18;9412;355;1;1;292190;349;1;1
130107;0;81;2018-07-02;2018-07-02 21:29:21;9930;34;1;1;743816;266;1;1
130107;0;81;2018-07-02;2018-07-02 21:29:21;9930;34;1;1;743816;266;1;1
134236;1;391;2018-09-05;2018-09-05 00:01:00;10099;2303;1;1;787;3667;1;1
134236;1;391;2018-09-05;2018-09-05 00:01:00;10099;2303;1;1;787;3667;1;1
135122;1;41;2018-09-18;2018-09-18 00:27:09;10426;307;1;1;195485;75;1;0
135122;1;41;2018-09-18;2018-09-18 00:27:09;10426;307;1;1;195485;75;1;0
131026;1;117;2018-07-17;2018-07-17 01:00:00;10748;14339;1;1;399312;66;0;0
131026;1;117;2018-07-17;2018-07-17 01:00:00;10748;14339;1;1;399312;66;0;0
133389;1;251;2018-08-24;2018-08-24 00:00:00;10748;14339;1;1;28830;81;1;1
133389;1;251;2018-08-24;2018-08-24 00:00:00;10748;14339;1;1;28830;81;1;1
134581;1;64;2018-09-11;2018-09-11 01:00:00;10748;14339;1;1;437765;54;0;0
134581;1;64;2018-09-11;2018-09-11 01:00:00;10748;14339;1;1;437765;54;0;0
136203;1;263;2018-10-03;2018-10-03 00:00:00;10748;14339;1;1;1040114;18;1;1
136203;1;263;2018-10-03;2018-10-03 00:00:00;10748;14339;1;1;1040114;18;1;1
131285;1;208;2018-07-19;2018-07-19 11:14:19;10815;1003;1;1;512281;85;1;1
131285;1;208;2018-07-19;2018-07-19 11:14:19;10815;1003;1;1;512281;85;1;1
132292;1;379;2018-08-04;2018-08-04 00:00:00;10815;1003;1;1;95937;835;1;0
132292;1;379;2018-08-04;2018-08-04 00:00:00;10815;1003;1;1;95937;835;1;0
153662;1;270;2019-05-08;2019-05-08 09:06:52;11104;423;1;1;224360;202;1;1
153662;1;270;2019-05-08;2019-05-08 09:06:52;11104;423;1;1;224360;202;1;1
135321;1;277;2018-09-20;2018-09-20 01:11:48;11207;678;1;1;1093521;716;1;1
135321;1;277;2018-09-20;2018-09-20 01:11:48;11207;678;1;1;1093521;716;1;1
144053;1;290;2019-02-01;2019-02-01 00:00:24;11207;678;1;1;643186;842;1;1
144053;1;290;2019-02-01;2019-02-01 00:00:24;11207;678;1;1;643186;842;1;1
133492;1;43;2018-08-23;2018-08-23 00:00:00;11222;350;1;1;678555;63;1;0
133492;1;43;2018-08-23;2018-08-23 00:00:00;11222;350;1;1;678555;63;1;0
136167;1;42;2018-10-01;2018-10-02 01:28:23;11222;350;1;1;678555;63;1;0
136167;1;42;2018-10-01;2018-10-02 01:28:23;11222;350;1;1;678555;63;1;0
133608;1;29;2018-08-24;2018-08-24 08:21:00;11868;2518;1;1;24252;939;1;1
133608;1;29;2018-08-24;2018-08-24 08:21:00;11868;2518;1;1;24252;939;1;1
130529;1;282;2018-07-10;2018-07-10 00:07:55;11932;295;1;1;307411;203;1;1
130529;1;282;2018-07-10;2018-07-10 00:07:55;11932;295;1;1;307411;203;1;1
136372;0;28;2018-10-04;2018-10-04 08:16:11;12419;348;1;1;228423;82;1;1
136372;0;28;2018-10-04;2018-10-04 08:16:11;12419;348;1;1;228423;82;1;1
131946;0;3;2018-07-30;2018-07-30 06:07:39;12826;365;1;1;113279;136;1;0
131946;0;3;2018-07-30;2018-07-30 06:07:39;12826;365;1;1;113279;136;1;0
130069;1;22;2018-07-02;2018-07-02 10:19:06;13118;4861;1;1;13124;52;1;0
130069;1;22;2018-07-02;2018-07-02 10:19:06;13118;4861;1;1;13124;52;1;0
133459;1;120;2018-08-22;2018-08-22 12:42:41;13233;210;1;1;1396055;28;0;0
133459;1;120;2018-08-22;2018-08-22 12:42:41;13233;210;1;1;1396055;28;0;0
130788;1;48;2018-07-13;2018-07-13 00:00:00;13604;500;1;1;189391;147;1;1
130788;1;48;2018-07-13;2018-07-13 00:00:00;13604;500;1;1;189391;147;1;1
134652;1;57;2018-09-11;2018-09-12 00:00:00;14013;513;1;0;895211;12;0;0
134652;1;57;2018-09-11;2018-09-12 00:00:00;14013;513;1;0;895211;12;0;0
133494;1;58;2018-08-23;2018-08-23 00:01:00;14201;166;1;1;1397420;12;0;1
133494;1;58;2018-08-23;2018-08-23 00:01:00;14201;166;1;1;1397420;12;0;1
135774;1;106;2018-09-27;2018-09-27 00:00:00;14201;166;1;1;1397420;12;0;1
135774;1;106;2018-09-27;2018-09-27 00:00:00;14201;166;1;1;1397420;12;0;1
133421;0;9;2018-08-22;2018-08-22 00:27:07;14397;1581;1;1;204446;1790;1;1
133421;0;9;2018-08-22;2018-08-22 00:27:07;14397;1581;1;1;204446;1790;1;1
134412;1;470;2018-09-07;2018-09-07 00:00:00;15272;544;1;1;592018;44;1;1
134412;1;470;2018-09-07;2018-09-07 00:00:00;15272;544;1;1;592018;44;1;1
131233;1;57;2018-07-19;2018-07-19 00:04:39;15562;4189;1;1;7524;230;1;1
131233;1;57;2018-07-19;2018-07-19 00:04:39;15562;4189;1;1;7524;230;1;1
133642;1;141;2018-08-25;2018-08-26 00:00:00;16070;115;1;0;1373181;3;1;0
133642;1;141;2018-08-25;2018-08-26 00:00:00;16070;115;1;0;1373181;3;1;0
130322;1;906;2018-07-06;2018-07-06 00:01:00;18280;20490;1;1;99909;1312;1;0
130322;1;906;2018-07-06;2018-07-06 00:01:00;18280;20490;1;1;99909;1312;1;0
130994;1;43;2018-07-16;2018-07-16 00:15:14;18280;20490;1;1;1352818;5;1;1
130994;1;43;2018-07-16;2018-07-16 00:15:14;18280;20490;1;1;1352818;5;1;1
131515;1;495;2018-07-24;2018-07-24 00:01:00;18280;20490;1;1;747449;21;1;1
131515;1;495;2018-07-24;2018-07-24 00:01:00;18280;20490;1;1;747449;21;1;1
131764;1;522;2018-07-27;2018-07-27 00:00:00;18280;20490;1;1;520015;7154;1;1
131764;1;522;2018-07-27;2018-07-27 00:00:00;18280;20490;1;1;520015;7154;1;1
132088;1;104;2018-08-01;2018-08-01 00:01:00;18280;20490;1;1;606133;57;0;0
132088;1;104;2018-08-01;2018-08-01 00:01:00;18280;20490;1;1;606133;57;0;0
132308;1;297;2018-08-05;2018-08-05 00:01:00;18280;20490;1;1;906942;13;1;1
132308;1;297;2018-08-05;2018-08-05 00:01:00;18280;20490;1;1;906942;13;1;1
132526;1;90;2018-08-07;2018-08-08 00:00:00;18280;20490;1;1;533970;17;0;0
132526;1;90;2018-08-07;2018-08-08 00:00:00;18280;20490;1;1;533970;17;0;0
133207;1;197;2018-08-20;2018-08-20 00:01:00;18280;20490;1;1;606771;30;0;0
133207;1;197;2018-08-20;2018-08-20 00:01:00;18280;20490;1;1;606771;30;0;0
133640;1;342;2018-08-29;2018-08-29 00:01:00;18280;20490;1;1;517613;158;1;1
133640;1;342;2018-08-29;2018-08-29 00:01:00;18280;20490;1;1;517613;158;1;1
135571;1;273;2018-09-24;2018-09-24 14:53:59;18280;20490;1;1;223874;2909;1;0
135571;1;273;2018-09-24;2018-09-24 14:53:59;18280;20490;1;1;223874;2909;1;0
135584;1;78;2018-09-25;2018-09-25 00:01:00;18280;20490;1;1;123575;240;1;1
135584;1;78;2018-09-25;2018-09-25 00:01:00;18280;20490;1;1;123575;240;1;1
135925;1;1034;2018-09-28;2018-09-28 00:01:00;18280;20490;1;1;447318;1038;1;1
135925;1;1034;2018-09-28;2018-09-28 00:01:00;18280;20490;1;1;447318;1038;1;1
137588;1;744;2018-10-23;2018-10-23 00:00:00;18280;20490;1;1;881829;144;1;0
137588;1;744;2018-10-23;2018-10-23 00:00:00;18280;20490;1;1;881829;144;1;0
137874;1;625;2018-10-26;2018-10-26 00:04:02;18280;20490;1;1;969654;647;1;1
137874;1;625;2018-10-26;2018-10-26 00:04:02;18280;20490;1;1;969654;647;1;1
138250;1;601;2018-11-01;2018-11-01 00:21:19;18280;20490;1;1;54086;65;1;1
138250;1;601;2018-11-01;2018-11-01 00:21:19;18280;20490;1;1;54086;65;1;1
139605;1;716;2018-11-20;2018-11-20 00:01:00;18280;20490;1;1;185915;224;1;1
139605;1;716;2018-11-20;2018-11-20 00:01:00;18280;20490;1;1;185915;224;1;1
139694;1;355;2018-11-21;2018-11-21 00:01:00;18280;20490;1;1;1468478;1;0;0
139694;1;355;2018-11-21;2018-11-21 00:01:00;18280;20490;1;1;1468478;1;0;0
147853;1;289;2019-03-09;2019-03-09 00:46:43;18280;20490;1;1;134984;99;1;1
147853;1;289;2019-03-09;2019-03-09 00:46:43;18280;20490;1;1;134984;99;1;1
151390;1;137;2019-04-15;2019-04-15 00:01:00;18280;20490;1;1;603678;102;0;0
151390;1;137;2019-04-15;2019-04-15 00:01:00;18280;20490;1;1;603678;102;0;0
130764;1;74;2018-07-12;2018-07-12 04:48:51;18392;537;1;1;1290962;49;1;1
130764;1;74;2018-07-12;2018-07-12 04:48:51;18392;537;1;1;1290962;49;1;1
133208;1;47;2018-08-20;2018-08-20 00:00:00;18470;466;1;1;280234;5;1;0
133208;1;47;2018-08-20;2018-08-20 00:00:00;18470;466;1;1;280234;5;1;0
131991;1;40;2018-07-30;2018-07-30 20:08:12;18808;3622;1;1;1368379;0;0;0
131991;1;40;2018-07-30;2018-07-30 20:08:12;18808;3622;1;1;1368379;0;0;0
136088;1;197;2018-10-01;2018-10-01 00:43:33;18918;1921;1;1;206940;265;1;1
136088;1;197;2018-10-01;2018-10-01 00:43:33;18918;1921;1;1;206940;265;1;1
138668;1;334;2018-11-07;2018-11-07 01:57:03;18918;1921;1;1;1046792;48;1;1
138668;1;334;2018-11-07;2018-11-07 01:57:03;18918;1921;1;1;1046792;48;1;1
132339;1;225;2018-08-06;2018-08-06 00:01:58;20168;173;1;0;46061;68;1;1
132339;1;225;2018-08-06;2018-08-06 00:01:58;20168;173;1;0;46061;68;1;1
130522;0;8;2018-07-10;2018-07-10 00:01:12;20972;65;1;1;1064855;21;1;1
130522;0;8;2018-07-10;2018-07-10 00:01:12;20972;65;1;1;1064855;21;1;1
129994;1;43;2018-07-01;2018-07-01 04:06:10;21013;46;1;1;1338750;7;0;0
129994;1;43;2018-07-01;2018-07-01 04:06:10;21013;46;1;1;1338750;7;0;0
135498;1;35;2018-09-23;2018-09-23 06:35:46;22891;6419;1;0;1439656;0;0;0
135498;1;35;2018-09-23;2018-09-23 06:35:46;22891;6419;1;0;1439656;0;0;0
130551;1;31;2018-07-10;2018-07-11 00:00:00;23242;266;1;1;46478;480;1;1
130551;1;31;2018-07-10;2018-07-11 00:00:00;23242;266;1;1;46478;480;1;1
135022;1;313;2018-09-16;2018-09-17 00:00:33;23551;380;1;0;536927;18;1;1
135022;1;313;2018-09-16;2018-09-17 00:00:33;23551;380;1;0;536927;18;1;1
139980;1;54;2018-11-24;2018-11-26 00:00:00;23551;380;1;0;777129;506;1;1
139980;1;54;2018-11-24;2018-11-26 00:00:00;23551;380;1;0;777129;506;1;1
135863;1;179;2018-09-27;2018-09-27 01:54:42;23804;283;1;1;117148;3;1;1
135863;1;179;2018-09-27;2018-09-27 01:54:42;23804;283;1;1;117148;3;1;1
131478;0;4;2018-07-23;2018-07-23 06:56:49;23917;157;1;1;13893;213;1;1
131478;0;4;2018-07-23;2018-07-23 06:56:49;23917;157;1;1;13893;213;1;1
134839;1;333;2018-09-19;2018-09-19 01:00:00;24089;581;1;1;1424223;266;1;0
134839;1;333;2018-09-19;2018-09-19 01:00:00;24089;581;1;1;1424223;266;1;0
133148;1;67;2018-08-17;2018-08-18 00:00:00;24911;136;1;1;1395786;1;1;1
133148;1;67;2018-08-17;2018-08-18 00:00:00;24911;136;1;1;1395786;1;1;1
135085;1;176;2018-09-17;2018-09-17 12:00:52;25163;253;1;1;12321;171;1;1
135085;1;176;2018-09-17;2018-09-17 12:00:52;25163;253;1;1;12321;171;1;1
131664;1;48;2018-07-25;2018-07-26 00:00:00;25263;50;1;1;862978;18;1;0
131664;1;48;2018-07-25;2018-07-26 00:00:00;25263;50;1;1;862978;18;1;0
135399;0;3;2018-09-20;2018-09-20 22:43:28;26386;593;1;0;37126;605;1;1
135399;0;3;2018-09-20;2018-09-20 22:43:28;26386;593;1;0;37126;605;1;1
135135;0;4;2018-09-18;2018-09-18 03:25:35;28214;3341;1;1;128727;15818;1;1
135135;0;4;2018-09-18;2018-09-18 03:25:35;28214;3341;1;1;128727;15818;1;1
132680;1;84;2018-08-10;2018-08-10 00:00:00;28314;266;1;0;1380353;3;1;1
132680;1;84;2018-08-10;2018-08-10 00:00:00;28314;266;1;0;1380353;3;1;1
131155;1;139;2018-07-17;2018-07-18 02:39:47;28425;1479;1;1;130548;205;1;1
131155;1;139;2018-07-17;2018-07-18 02:39:47;28425;1479;1;1;130548;205;1;1
141460;1;151;2018-12-23;2018-12-23 00:00:00;28440;42;1;1;1579552;3;1;0
141460;1;151;2018-12-23;2018-12-23 00:00:00;28440;42;1;1;1579552;3;1;0
134683;1;38;2018-09-12;2018-09-12 04:01:47;28572;142;1;1;25985;200;1;0
134683;1;38;2018-09-12;2018-09-12 04:01:47;28572;142;1;1;25985;200;1;0
134498;0;6;2018-09-09;2018-09-09 05:59:58;28582;235;1;1;1416988;0;0;0
134498;0;6;2018-09-09;2018-09-09 05:59:58;28582;235;1;1;1416988;0;0;0
129842;1;402;2018-06-28;2018-06-28 03:52:20;28910;8583;1;1;443829;1107;1;1
129842;1;402;2018-06-28;2018-06-28 03:52:20;28910;8583;1;1;443829;1107;1;1
132139;0;14;2018-08-01;2018-08-01 08:17:28;29402;71;1;1;85108;425;1;1
132139;0;14;2018-08-01;2018-08-01 08:17:28;29402;71;1;1;85108;425;1;1
156466;1;823;2019-05-27;2019-05-27 00:05:00;30131;309;1;1;55668;232;1;1
156466;1;823;2019-05-27;2019-05-27 00:05:00;30131;309;1;1;55668;232;1;1
132398;1;266;2018-08-06;2018-08-06 02:45:33;30639;145;1;1;1316600;54;1;0
132398;1;266;2018-08-06;2018-08-06 02:45:33;30639;145;1;1;1316600;54;1;0
130705;1;260;2018-07-13;2018-07-13 00:00:00;32633;37;1;0;1068821;40;0;0
130705;1;260;2018-07-13;2018-07-13 00:00:00;32633;37;1;0;1068821;40;0;0
135286;1;86;2018-09-19;2018-09-20 00:00:00;32788;36;1;1;917034;100;1;1
135286;1;86;2018-09-19;2018-09-20 00:00:00;32788;36;1;1;917034;100;1;1
135650;1;280;2018-09-25;2018-09-25 11:30:14;33225;6922;1;1;245019;3097;1;1
135650;1;280;2018-09-25;2018-09-25 11:30:14;33225;6922;1;1;245019;3097;1;1
134844;1;304;2018-09-14;2018-09-14 00:00:00;33611;84;1;1;1423628;2;0;1
134844;1;304;2018-09-14;2018-09-14 00:00:00;33611;84;1;1;1423628;2;0;1
130727;1;168;2018-07-12;2018-07-12 02:33:53;33650;1060;1;1;1267;22;1;1
130727;1;168;2018-07-12;2018-07-12 02:33:53;33650;1060;1;1;1267;22;1;1
133058;1;221;2018-08-16;2018-08-17 00:00:00;35217;617;1;1;83487;121;1;0
133058;1;221;2018-08-16;2018-08-17 00:00:00;35217;617;1;1;83487;121;1;0
134102;1;754;2018-09-03;2018-09-03 00:17:33;35217;617;1;1;119227;310;1;1
134102;1;754;2018-09-03;2018-09-03 00:17:33;35217;617;1;1;119227;310;1;1
134190;1;633;2018-09-04;2018-09-05 00:01:00;35484;261;1;1;4756;312;1;1
134190;1;633;2018-09-04;2018-09-05 00:01:00;35484;261;1;1;4756;312;1;1
132586;0;14;2018-08-08;2018-08-08 07:32:33;35881;773;1;1;1377919;1;0;0
132586;0;14;2018-08-08;2018-08-08 07:32:33;35881;773;1;1;1377919;1;0;0
29143;1;2771;2018-08-30;2015-07-28 05:12:28;36143;2674;1;1;9151;808;1;1
29143;1;2771;2018-08-30;2015-07-28 05:12:28;36143;2674;1;1;9151;808;1;1
130501;0;3;2018-07-09;2018-07-09 17:49:12;36219;43;1;1;281618;678;1;1
130501;0;3;2018-07-09;2018-07-09 17:49:12;36219;43;1;1;281618;678;1;1
131562;1;105;2018-07-24;2018-07-25 00:00:00;37010;475;1;1;1246125;15;1;1
131562;1;105;2018-07-24;2018-07-25 00:00:00;37010;475;1;1;1246125;15;1;1
130262;1;180;2018-07-04;2018-07-04 22:38:17;37059;389;1;1;967770;12;1;1
130262;1;180;2018-07-04;2018-07-04 22:38:17;37059;389;1;1;967770;12;1;1
144107;1;41;2019-02-02;2019-02-02 00:00:00;37260;209;1;1;1155595;4;1;0
144107;1;41;2019-02-02;2019-02-02 00:00:00;37260;209;1;1;1155595;4;1;0
133870;1;48;2018-08-29;2018-08-30 00:00:00;37443;148;1;1;823040;5;0;0
133870;1;48;2018-08-29;2018-08-30 00:00:00;37443;148;1;1;823040;5;0;0
151609;1;107;2019-04-16;2019-04-16 08:17:47;38553;318;1;0;553067;19;0;0
151609;1;107;2019-04-16;2019-04-16 08:17:47;38553;318;1;0;553067;19;0;0
134534;1;318;2018-09-10;2018-09-10 00:30:45;39106;2395;1;1;1209339;58;1;1
134534;1;318;2018-09-10;2018-09-10 00:30:45;39106;2395;1;1;1209339;58;1;1
133259;0;22;2018-08-20;2018-08-20 08:19:38;39443;458;1;1;113308;62;1;1
133259;0;22;2018-08-20;2018-08-20 08:19:38;39443;458;1;1;113308;62;1;1
150245;1;1293;2019-04-03;2019-04-03 00:00:00;39657;1491;1;0;731624;467;1;1
150245;1;1293;2019-04-03;2019-04-03 00:00:00;39657;1491;1;0;731624;467;1;1
131907;1;287;2018-07-29;2018-07-30 00:02:14;40523;1115;1;1;582133;366;1;1
131907;1;287;2018-07-29;2018-07-30 00:02:14;40523;1115;1;1;582133;366;1;1
134333;1;193;2018-09-06;2018-09-06 01:59:09;40523;1115;1;1;274789;29;1;1
134333;1;193;2018-09-06;2018-09-06 01:59:09;40523;1115;1;1;274789;29;1;1
130263;1;516;2018-07-04;2018-07-05 00:00:00;42397;219;1;1;88593;124;1;0
130263;1;516;2018-07-04;2018-07-05 00:00:00;42397;219;1;1;88593;124;1;0
136000;1;372;2018-09-29;2018-09-29 00:04:18;42397;219;1;1;88593;124;1;0
136000;1;372;2018-09-29;2018-09-29 00:04:18;42397;219;1;1;88593;124;1;0
136469;1;511;2018-10-06;2018-10-06 00:01:40;42397;219;1;1;88593;124;1;0
136469;1;511;2018-10-06;2018-10-06 00:01:40;42397;219;1;1;88593;124;1;0
137879;1;174;2018-10-28;2018-10-28 00:00:00;42584;133;1;0;159251;654;1;1
137879;1;174;2018-10-28;2018-10-28 00:00:00;42584;133;1;0;159251;654;1;1
135320;1;113;2018-09-20;2018-09-20 01:07:05;42678;922;1;0;212199;100;1;1
135320;1;113;2018-09-20;2018-09-20 01:07:05;42678;922;1;0;212199;100;1;1
131012;0;24;2018-07-16;2018-07-16 05:47:16;43509;97;1;0;26193;681;1;0
131012;0;24;2018-07-16;2018-07-16 05:47:16;43509;97;1;0;26193;681;1;0
133993;0;13;2018-08-31;2018-08-31 05:48:05;44141;46;1;0;1405464;11;0;0
133993;0;13;2018-08-31;2018-08-31 05:48:05;44141;46;1;0;1405464;11;0;0
134213;0;2;2018-09-04;2018-09-04 10:28:53;44141;46;1;0;1405464;11;0;0
134213;0;2;2018-09-04;2018-09-04 10:28:53;44141;46;1;0;1405464;11;0;0
133043;0;12;2018-08-16;2018-08-16 04:08:51;44422;28;1;0;615480;1060;1;1
133043;0;12;2018-08-16;2018-08-16 04:08:51;44422;28;1;0;615480;1060;1;1
133468;0;8;2018-08-22;2018-08-22 07:38:26;44899;107;1;1;804919;40;1;1
133468;0;8;2018-08-22;2018-08-22 07:38:26;44899;107;1;1;804919;40;1;1
135633;0;2;2018-09-25;2018-09-25 07:21:13;45164;1346;1;1;660673;72;1;1
135633;0;2;2018-09-25;2018-09-25 07:21:13;45164;1346;1;1;660673;72;1;1
135871;1;255;2018-09-27;2018-09-28 00:00:00;45470;27;1;1;51693;7;1;1
135871;1;255;2018-09-27;2018-09-28 00:00:00;45470;27;1;1;51693;7;1;1
